ts,p0,p1,p2,p3
0.1900100,0.0000000,177.8118799,116.5112395,100.8715811
0.2049450,0.0000000,177.6989226,116.3799547,100.5747095
0.2317130,0.0000000,177.5272663,116.2132325,100.4794152
0.2567790,0.0000000,177.3732191,116.2355614,100.3462308
0.2848780,0.0000000,177.3423165,116.2231002,100.3827405
0.3154270,0.0000000,177.2533573,116.0027707,100.1341670
0.3467250,0.0000000,177.2416864,115.7869648,100.2915933
0.3940630,0.0000000,177.2494271,115.6862266,100.1921072
0.4215610,0.0000000,177.3116759,115.7394549,100.2468295
0.5048290,0.0000000,177.3514278,115.7190801,100.5043973
0.5412490,0.0000000,177.6119945,115.8612499,100.7860568
0.6092790,0.0000000,177.5495327,115.6920687,100.6729730
0.6602180,0.0000000,177.6479155,115.7714712,100.7437868
0.6751690,0.0000000,177.7748298,115.8367970,100.8926608
0.6919440,0.0000000,178.3081628,116.5600443,101.3140527
0.7226840,0.0000000,178.5307177,116.8570709,101.5656436
0.7554740,0.0000000,178.7848508,117.1197016,101.7742286
0.7865180,0.0000000,179.4924816,117.7082101,102.3203599
0.8145360,0.0000000,179.9030125,118.0285522,102.7571568
0.8436740,0.0000000,180.3678083,118.5130189,103.1031245
0.8744720,0.0000000,180.6200590,118.6654340,103.2073110
0.9042830,0.0000000,180.7010222,118.8485166,103.0910995
0.9324310,0.0000000,180.9360353,119.0712271,103.4333275
0.9651920,0.0000000,180.8869634,119.1613358,103.4091697
1.0001400,0.0000000,180.7483945,119.0045978,103.2294160
1.0355950,0.0000000,180.7534804,119.0248740,103.1424829
1.0723540,0.0000000,180.6643306,118.8674431,102.7705756
1.1100930,0.0000000,180.5323274,118.5676776,102.8989707
1.1643630,0.0000000,180.3814956,118.5424340,102.7038445
1.2108520,0.0000000,180.5371671,118.5009126,102.8414802
1.2753340,0.0000000,180.3725775,118.3281771,102.4650638
1.3207460,0.0000000,180.2172241,118.2120539,102.3620151
1.3390420,0.0000000,180.1982117,118.1640140,102.2854367
1.3698690,0.0000000,180.2746489,118.2644519,102.2988389
1.3969970,0.0000000,180.2588188,118.2362846,102.4840861
1.4260030,0.0000000,180.2803577,118.2992431,102.2172067
1.4541120,0.0000000,180.2240609,118.1404354,102.3072072
1.4863810,0.0000000,180.2157396,118.1495869,102.4760177
1.5222870,0.0000000,180.2072489,118.2001510,102.4558520
1.5530320,0.0000000,180.2767640,118.1571175,102.5792346
1.5961820,0.0000000,180.0921723,118.1902385,102.4793208
1.6262200,0.0000000,180.2663064,118.3876922,102.5911467
1.6564060,0.0000000,180.2291247,118.5214789,102.5264839
1.6928420,0.0000000,180.2659874,118.5977610,102.5587673
1.7253590,0.0000000,180.5671367,118.9621758,102.7473936
1.7605560,0.0000000,180.3857835,119.0262501,102.8920775
1.8388470,0.0000000,180.6809953,119.1995882,102.9881990
1.8664160,0.0000000,180.6175094,119.1291832,103.1452710
1.9412650,0.0000000,180.7352636,119.1748121,103.0325985
1.9636980,0.0000000,180.6034195,119.1061723,102.6044045
1.9838280,0.0000000,180.4086963,118.9390054,102.2494982
2.0150110,0.0000000,180.5027144,118.6952756,102.2450067
2.0337720,0.0000000,180.1851889,118.3426070,102.1113347
2.0628410,0.0000000,180.0671301,118.0866543,102.3741217
2.0963230,0.0000000,180.0956454,118.0850654,102.3583702
2.1266730,0.0000000,179.9066507,117.9950449,102.0294564
2.1574780,0.0000000,180.0439344,118.1507925,102.0852024
2.1910260,0.0000000,179.9515443,117.9530210,101.8970316
2.2301500,0.0000000,179.8259827,117.8577993,101.7614255
2.2652870,0.0000000,179.8145944,117.6813544,101.8694858
2.2952360,0.0000000,179.8182750,117.8118733,101.7301008
2.3239350,0.0000000,179.8369977,117.7195633,101.7462359
2.3540790,0.0000000,179.9237903,117.7350734,101.8943734
2.3881030,0.0000000,179.6474761,117.8464920,101.9629593
2.4681130,0.0000000,179.5943300,117.6451259,101.6715827
2.5276280,0.0000000,179.7110506,117.7101757,101.4727173
2.6082170,0.0000000,179.5851406,117.5765305,101.4622526
2.6333080,0.0000000,179.7716356,117.8590029,101.8236411
2.6717410,0.0000000,179.9326483,118.0382663,102.0073149
2.6935310,0.0000000,179.6065959,117.9559353,101.5187168
2.7345460,0.0000000,179.4844301,118.1089017,101.5658438
2.7507290,0.0000000,179.4870738,118.3070064,101.6128887
2.7862210,0.0000000,179.5629737,118.3302649,101.7691172
2.8000470,0.0000000,179.4930407,118.2419307,101.7493639
2.8395910,0.0000000,179.4618524,118.1565719,101.7141542
2.8800550,0.0000000,179.4536208,118.0382545,101.4488824
2.9136480,0.0000000,179.5840320,117.9325992,101.3414591
2.9281590,0.0000000,179.3821909,117.6581054,101.2953644
2.9556530,0.0000000,179.2185791,117.4375094,101.2002157
2.9857190,0.0000000,179.2352780,117.3425109,101.1076577
3.0145090,0.0000000,179.2908777,117.3420546,101.1272418
3.0553270,0.0000000,179.1572348,117.1094035,100.9885115
3.1460240,0.0000000,179.2271512,117.1642716,101.1778922
3.1966660,0.0000000,179.1916838,117.0059831,101.2745456
3.2498550,0.0000000,179.2493914,117.1120341,101.3797465
3.2945490,0.0000000,179.0721255,117.0429031,101.2099889
3.3127930,0.0000000,179.0299439,117.1372889,101.2129790
3.3460410,0.0000000,179.1056462,117.2820326,100.9498369
3.3608450,0.0000000,179.3337572,117.3974417,101.3008428
3.3922590,0.0000000,179.4307021,117.5247537,101.3779274
3.4064120,0.0000000,179.3085125,117.5471286,101.4510148
3.4388440,0.0000000,179.5439296,117.8145360,101.7743825
3.4729450,0.0000000,179.3772055,117.5911104,101.5143529
3.5098850,0.0000000,179.3978441,117.6496407,101.1950294
3.5404390,0.0000000,179.5382600,117.7935448,101.6341052
3.5658740,0.0000000,179.3981765,117.7525745,101.5498317
3.5981950,0.0000000,179.4894601,117.9389965,101.6023969
3.6328850,0.0000000,179.4557607,117.9785613,101.5563829
3.6766590,0.0000000,179.5469541,117.9803460,101.6594134
3.7389100,0.0000000,179.5834717,117.8360998,101.4072481
3.7565650,0.0000000,179.2980844,117.4824175,101.0723186
3.7888660,0.0000000,179.4530456,117.3775630,101.0531007
3.8280880,0.0000000,179.0538286,117.0619707,100.8148167
3.8580300,0.0000000,179.3229865,117.0918352,100.8957840
3.8892590,0.0000000,179.3425538,116.9663372,101.0883302
3.9204630,0.0000000,179.2889795,117.0107235,101.2666264
3.9505850,0.0000000,179.5064564,117.0651454,101.3917065
3.9795330,0.0000000,179.4860681,117.0101507,101.4014871
4.0122900,0.0000000,179.4068936,116.8634980,101.4214518
4.0448290,0.0000000,179.2114996,116.8321039,101.3240451
4.0751690,0.0000000,179.1236220,116.9018221,101.2032489
4.1048510,0.0000000,179.1675088,116.9654118,101.2023497
4.1343680,0.0000000,179.3278894,117.0465578,101.4755528
4.1706440,0.0000000,179.2048720,117.0324800,101.2954568
4.2522470,0.0000000,179.1587720,117.1068190,101.2909469
4.3325350,0.0000000,179.1120811,117.1451142,100.9701872
4.3636530,0.0000000,179.1321330,117.1863510,101.2506170
4.4145840,0.0000000,179.3352910,117.3105639,101.4082373
4.4346970,0.0000000,179.2496981,117.2795834,101.2451449
4.4702460,0.0000000,179.2965084,117.3192896,101.4484838
4.4869800,0.0000000,179.2904350,117.4124602,101.5289778
4.5204580,0.0000000,179.4046403,117.5014406,101.6150230
4.5516860,0.0000000,179.4336927,117.6263667,101.6403487
4.5816260,0.0000000,179.4684805,117.5032528,101.6328357
4.6136140,0.0000000,179.3107712,117.2281922,101.1406827
4.6468550,0.0000000,179.3618913,116.8562565,101.2888039
4.6822750,0.0000000,179.3431387,116.8148148,101.1833562
4.7139510,0.0000000,179.3477984,116.7295525,101.5302056
4.7891650,0.0000000,179.4653711,116.7361969,101.4872057
4.8285570,0.0000000,179.5939542,116.7213532,101.5410857
4.8468670,0.0000000,179.5139626,116.6653076,101.5740442
4.8805310,0.0000000,179.4359940,116.7333147,101.4538816
4.9186130,0.0000000,179.3134674,116.6622963,101.2305244
5.0224690,0.0000000,179.4243598,116.6552937,101.1274302
5.0812120,0.0000000,179.5473887,116.6403128,101.4113286
5.1032500,0.0000000,179.7390571,116.6989396,101.7066564
5.1273870,0.0000000,179.8391251,116.8421147,101.5622189
5.1582100,0.0000000,179.7909887,116.9410998,101.7405430
5.1717980,0.0000000,179.5930313,116.9579834,101.7265858
5.1867300,0.0000000,179.7344703,117.1600327,101.6821559
5.2005900,0.0000000,179.7587727,117.1923244,101.7584924
5.2300730,0.0000000,179.8029484,117.1449194,101.9453938
5.2437390,0.0000000,179.7223268,117.2526452,101.9119951
5.2763210,0.0000000,179.7199156,117.2851662,101.8619270
5.3078290,0.0000000,179.9091349,117.5594774,102.2690809
5.3376660,0.0000000,179.8116959,117.6082717,102.1836187
5.3684190,0.0000000,179.8306405,117.5009735,101.9661938
5.4000800,0.0000000,179.9692794,117.6834893,102.1651833
5.4352660,0.0000000,179.7311054,117.4888603,101.8444226
5.4671130,0.0000000,179.4696893,117.1101307,101.2339928
5.5118680,0.0000000,179.4877956,117.0228169,101.2820396
5.5653080,0.0000000,179.1823051,116.7808347,101.1420848
5.5840010,0.0000000,179.1493627,116.6472973,101.2421631
5.6188420,0.0000000,178.9776929,116.5087888,101.1926958
5.6501510,0.0000000,178.9777349,116.3201552,100.9230106
5.6828810,0.0000000,178.9052709,115.9929924,100.6492400
5.7158280,0.0000000,178.9300202,116.0745207,100.5602170
5.7467880,0.0000000,179.0885932,116.1562224,100.6400333
5.7776590,0.0000000,179.0342523,116.1880344,100.7610412
5.8072470,0.0000000,179.0813082,116.2284002,100.8770346
5.8387770,0.0000000,179.1864126,116.2897994,100.9132836
5.8759510,0.0000000,179.0461850,116.2297487,100.9088815
5.9100100,0.0000000,179.0581871,116.4421869,101.2641853
5.9441530,0.0000000,179.1808867,116.4977508,100.9351227
5.9834460,0.0000000,179.2016545,116.5653701,100.9053647
6.0232010,0.0000000,179.2848645,116.5791762,101.0689293
6.0771500,0.0000000,179.2497805,116.5214065,101.1646811
6.1536440,0.0000000,179.1298370,116.5806419,100.8988101
6.2263770,0.0000000,178.9864040,116.6054434,100.8772380
6.2641060,0.0000000,178.8378715,116.4606024,100.7932875
6.2817510,0.0000000,178.9694818,116.6665919,101.1971599
6.3022840,0.0000000,178.8518454,116.6666333,101.0362573
6.3189510,0.0000000,178.9299761,116.8564174,101.2168177
6.3531560,0.0000000,178.8255270,116.7201173,100.9014270
6.3694170,0.0000000,178.8199930,116.5691931,100.9092341
6.3847400,0.0000000,178.8584060,116.4268052,100.9237455
6.4162780,0.0000000,178.8608588,116.2614777,100.8898644
6.4465060,0.0000000,178.7776913,116.2219320,100.9090521
6.4808540,0.0000000,178.7606169,116.1420449,100.5972376
6.5151460,0.0000000,178.8393678,116.1674999,100.7251174
6.5479370,0.0000000,178.7943311,115.9965231,100.6904510
6.5791850,0.0000000,178.7544598,116.1063294,100.8373564
6.6102550,0.0000000,178.9395553,116.1172215,100.9802035
6.6431750,0.0000000,178.8539196,116.0307102,100.5691043
6.6736490,0.0000000,178.8731415,115.9902049,100.4829717
6.7122930,0.0000000,178.8468204,116.1281897,100.4833484
6.7741430,0.0000000,178.8379888,116.0649001,100.4897831
6.8296970,0.0000000,178.8586211,116.1834484,100.5366319
6.8551210,0.0000000,178.9713785,116.3884413,100.8081561
6.9192790,0.0000000,179.1200080,116.4120709,100.9957211
6.9372130,0.0000000,179.0693942,116.5040687,101.0583434
6.9539500,0.0000000,179.1213049,116.6834128,100.9381681
6.9695160,0.0000000,179.0041041,116.6328684,100.7776715
7.0021160,0.0000000,179.0330419,116.7621237,100.9624604
7.0357700,0.0000000,179.2301623,116.9740824,101.0983521
7.0663830,0.0000000,179.2447018,117.0739622,100.9640299
7.0978930,0.0000000,179.3059690,117.1465444,101.2407407
7.1321210,0.0000000,179.1049635,117.0521073,100.9994757
7.1630300,0.0000000,179.0429868,116.8475035,101.0792310
7.1944550,0.0000000,178.8006769,116.5403535,100.6582424
7.2264030,0.0000000,178.9364322,116.5515075,100.8481910
7.2563670,0.0000000,178.5419711,116.1961080,100.6216196
7.2871220,0.0000000,178.6629667,116.3118517,100.7413430
7.3365980,0.0000000,178.8553844,116.2202588,100.8086895
7.3996050,0.0000000,178.7869210,116.1677168,100.6096649
7.4173240,0.0000000,178.7976980,116.1214521,100.4172780
7.4368460,0.0000000,178.7453608,115.9601305,100.3548061
7.4721710,0.0000000,178.8625333,116.1353062,100.4103904
7.5061080,0.0000000,179.0831360,116.4543004,100.8151358
7.5415390,0.0000000,179.2467032,116.5543628,101.0828767
7.5729070,0.0000000,180.1046464,117.2110176,101.8945166
7.6089080,0.0000000,180.2034843,117.9868963,102.7984988
7.6253080,0.0000000,180.7302768,118.7669506,104.0260624
7.6610150,0.0000000,181.0183691,119.5955567,104.5230731
7.6966510,0.0000000,180.9450061,119.7119402,104.5672520
7.7335550,0.0000000,183.5964607,116.1836142,102.1066243
7.7680570,0.0000000,184.1907512,116.1614334,101.7039726
7.8062010,0.0000000,184.2228216,115.8767433,101.6748788
7.8455030,0.0000000,184.4709059,115.8611864,102.1662557
7.8836630,0.0000000,184.2473507,115.7192731,102.1034466
7.9173940,0.0000000,184.1687480,115.7662997,101.8046257
7.9748770,0.0000000,184.1358117,115.6828578,101.7545755
8.0483640,0.0000000,183.9663473,115.5909813,101.6363727
8.0878620,0.0000000,183.5435125,115.1859508,101.2181787
8.1051520,0.0000000,182.3315311,113.2143376,99.0696854
8.1223590,0.0000000,180.4112002,111.0082891,96.1642778
8.1537510,0.0000000,179.7158197,110.1941316,95.9994256
8.1867710,0.0000000,176.7392737,113.8354674,98.7188319
8.2185290,0.0000000,176.4543126,113.6829984,98.5054964
8.2527060,0.0000000,176.6183126,114.0359232,98.8201349
8.2875260,0.0000000,176.5795522,114.1152736,98.9190299
8.3750500,0.0000000,176.5886114,114.2529720,99.0438062
8.5136830,0.0000000,176.8230351,114.2891482,99.3648763
8.5703970,0.0000000,176.7741540,114.3705075,99.5223720
8.6040850,0.0000000,176.6846860,114.3748279,99.1773907
8.6554310,0.0000000,176.8205849,114.4380821,99.1299109
8.6737730,0.0000000,176.9194950,114.5082784,99.2682664
8.7417620,0.0000000,177.0029084,114.7377711,99.2362292
8.7943690,0.0000000,177.2593829,114.8737479,99.1005197
8.8266140,0.0000000,175.4825940,113.5594652,97.8521305
8.8874890,0.0000000,172.9450489,111.3596824,95.5677027
8.9113280,0.0000000,170.5674854,109.5444294,93.4775718
9.0398140,0.0000000,171.2946161,109.9659818,94.3302340
9.0705970,0.0000000,171.9413861,110.4667035,95.0679982
9.0936320,0.0000000,172.3286172,110.7966645,95.3807282
9.1262670,0.0000000,172.3750032,110.9807231,95.2778101
9.1460660,0.0000000,172.4237571,110.9340923,95.4810626
9.1928960,0.0000000,172.4236195,110.8286054,95.2466373
9.2125010,0.0000000,172.5597090,110.9660676,95.3221819
9.2348590,0.0000587,173.0151194,111.2260443,95.8924453
9.2568490,0.0003688,173.3822488,111.3616043,96.3454052
9.2801950,0.0011072,173.4450406,111.4426729,96.3555488
9.3061700,0.0024011,173.4261382,111.5033280,96.2893225
9.3389760,0.0043536,173.4990563,111.6042930,96.6685372
9.3647110,0.0067979,173.6865219,111.6522388,96.5836978
9.3885170,0.0089202,173.9893295,111.9920791,96.6903032
9.4898620,0.0096402,173.9355830,111.9196424,96.8195920
9.5144330,0.0087469,174.0624653,112.0288845,96.8610059
9.5394260,0.0063306,174.0832361,112.0417322,97.0057588
9.5634600,0.0019474,174.2944671,112.1823743,97.3427227
9.5881710,-0.0044787,174.3217806,112.2665541,97.3801074
9.6340700,-0.0121429,174.2470924,112.3963216,97.5291268
9.6654460,-0.0200105,174.2204354,112.5750858,97.4025951
9.7199720,-0.0264030,174.2119142,112.5765218,97.2010808
9.7423540,-0.0289645,174.0374336,112.5430498,97.1074115
9.7671670,-0.0268467,174.0347627,112.6288586,97.0922509
9.7898800,-0.0209298,173.7508062,112.2192762,96.4759943
9.8133130,-0.0130260,172.9351189,111.7947155,95.9367203
9.8360540,-0.0048077,172.3903927,111.3927283,95.7441414
9.8615710,0.0033739,171.7621881,110.4544454,94.6703974
9.9070880,0.0123093,170.4038758,109.5529202,93.6097003
9.9344110,0.0225092,169.9057231,108.8584908,92.8929366
9.9581390,0.0330194,168.2826134,107.6086933,90.9981732
9.9821510,0.0429269,166.9562823,106.5744722,90.3934036
10.0054170,0.0518491,165.4873756,105.2042934,89.5150412
10.0300990,0.0600907,164.1867449,103.8958358,88.5639883
10.0790090,0.0659316,162.5466414,102.6569764,86.7428772
10.1045910,0.0660108,161.2439702,101.9770664,86.1462760
10.1213400,0.0599831,159.8321687,101.0014103,84.6869030
10.1381630,0.0494238,159.1354919,100.4104492,84.0275187
10.1540680,0.0371425,157.7420406,99.5119815,83.5679859
10.1878440,0.0256112,157.5310265,99.6417385,83.0515888
10.2041840,0.0161879,155.7669457,98.7766084,81.7870613
10.2174210,0.0088828,154.6782103,98.1531538,81.3822364
10.2555650,0.0036362,154.2746096,97.8784829,80.8893524
10.2805890,0.0010926,153.2410058,97.3706413,80.9959279
10.3437810,-0.0019125,152.7754550,97.2984382,80.0209048
10.3643820,-0.0079075,152.0314997,96.8705710,79.2281949
10.3826460,-0.0162214,151.0248590,96.0521475,78.4631236
10.4360510,-0.0255728,150.8814165,96.1816041,78.6492651
10.4926100,-0.0320952,150.2340319,95.9669955,78.4464700
10.5150500,-0.0311252,150.1502140,95.6129136,77.5541442
10.5499770,-0.0204050,148.8811209,95.1690254,77.5494858
10.5829770,-0.0003445,149.2600172,95.4573078,77.6074222
10.6032000,0.0268114,148.2710389,94.5840342,76.4807720
10.6603440,0.0568052,147.7020455,94.2281710,76.5242435
10.6957920,0.0830158,150.0475027,94.8139268,78.0269166
10.7450950,0.1000708,149.4107116,94.1199960,76.6407579
10.7866220,0.1104691,149.6163659,94.1864524,76.2656119
10.8470590,0.1213233,149.6883952,94.5836834,76.6734146
10.8982610,0.1314812,149.8290226,94.8763982,76.7666144
10.9214940,0.1307123,149.9423471,94.7300365,76.7610881
10.9435320,0.1086526,149.8780134,94.5697709,77.8501550
10.9664300,0.0620833,150.3782886,95.1013632,77.8193068
10.9955540,0.0017618,150.7358529,95.6430839,78.1566138
11.0396430,-0.0547252,150.9965248,95.9339721,78.5907760
11.0623500,-0.0975092,151.0118489,96.0036534,78.5299926
11.0834720,-0.1249423,151.0020250,96.0693930,78.7125500
11.1087060,-0.1408280,151.3954165,95.9990636,78.9330212
11.1519900,-0.1488195,151.3179097,96.1220314,78.9556428
11.1693430,-0.1477360,151.4046841,96.2152232,78.7156380
11.1873430,-0.1405829,151.6042958,96.4294850,78.9994142
11.2186690,-0.1306852,151.4918747,96.3153206,79.1587372
11.2356940,-0.1154020,152.0289610,96.7276507,79.6680849
11.2500050,-0.0925257,152.1760611,96.9309103,79.8043019
11.2829240,-0.0631129,152.6200599,97.1526133,79.7426166
11.2998240,-0.0323559,152.9651179,97.3358227,81.0788392
11.3332780,-0.0045682,153.2881680,97.5169662,81.6007001
11.3651820,0.0240620,153.5079313,97.4386489,81.5319119
11.4007620,0.0627719,153.3985988,97.7184274,82.4675516
11.4428740,0.1158437,153.9320746,98.1387170,82.9536852
11.4862240,0.1768200,154.1283437,97.8770603,83.2748807
11.5335570,0.2313551,154.5654631,98.4969542,83.4909950
11.5671710,0.2668496,154.6711064,98.2437909,83.5595411
11.5866760,0.2791405,155.0894305,98.5872068,83.3392779
11.6201410,0.2691835,155.6243051,98.5130360,84.3071752
11.6525940,0.2358736,155.4167715,98.8278600,84.4759013
11.6853920,0.1773802,155.6501075,99.0594409,84.6418065
11.7178310,0.0984499,156.3592953,99.1802478,84.9525912
11.7528950,0.0098372,156.7624094,99.2827663,83.9415676
11.7867560,-0.0786995,156.7835113,99.7169158,84.7003845
11.8326020,-0.1616916,156.9292322,99.8407199,85.0693382
11.8870620,-0.2377944,156.4944971,99.4079378,84.3987592
11.9031660,-0.3055947,155.8653725,98.1878974,83.6335116
11.9388190,-0.3562850,155.1202179,98.0079260,82.4484591
11.9696300,-0.3780282,159.0536558,101.2367703,85.0544793
12.0074440,-0.3609547,161.1094835,104.3596616,87.7747551
12.0432770,-0.3055401,164.4480557,106.7364168,92.0667441
12.0754680,-0.2276702,165.5100044,108.1003112,93.6649177
12.1102220,-0.1420683,166.2781015,109.3080379,93.1752146
12.1564190,-0.0573282,166.4136873,109.2189362,93.6805994
12.1934280,0.0181078,166.4186889,109.0285992,94.0186094
12.2108270,0.0827665,168.2052059,111.0858972,95.0539364
12.2428650,0.1383741,168.0217192,111.3204828,95.9832094
12.2737850,0.1799073,168.1058983,111.5022370,95.9270615
12.3058760,0.2076436,169.4244920,112.8576696,96.9674287
12.3381560,0.2297867,169.1140237,112.9765732,96.4537927
12.3695790,0.2473946,169.7362534,113.3253868,97.2408050
12.4041740,0.2538530,169.6319579,113.1182432,97.5401384
12.4372010,0.2438028,168.1243847,112.2048737,96.5148471
12.4678840,0.2128979,167.7761558,111.8360662,96.2077668
12.4995350,0.1588295,168.4196491,112.5116333,96.9712066
12.5316350,0.0854135,174.7023417,117.9983105,101.6910262
12.5662130,-0.0051096,176.0069160,116.6286288,100.7923070
12.6064660,-0.1104906,162.4552903,104.3315372,89.0720075
12.6474400,-0.2200301,158.3675510,100.9388356,86.4235546
12.6622850,-0.3214016,160.8152551,103.5266399,88.6629770
12.6976190,-0.4077179,160.9432543,103.2811688,90.0531622
12.7351370,-0.4722738,160.7589243,103.4900398,89.8862550
12.7792320,-0.5006289,160.8950800,103.5044514,90.1527919
12.8148130,-0.4806507,161.0645893,103.5761817,90.4909489
12.8477860,-0.4196481,161.8793235,104.0269146,90.7519279
12.8892590,-0.3339317,162.1415790,104.1725865,91.4373160
12.9590530,-0.2301981,162.4500429,104.5583175,91.6903296
12.9743480,-0.1076478,162.9259736,105.1374618,92.2130695
13.0064080,0.0271441,163.5277675,105.4803560,92.9795067
13.0373910,0.1534179,163.8483045,105.9972944,93.1159091
13.0698410,0.2555250,164.2032931,106.0096508,93.7411596
13.0997470,0.3291162,164.3617843,106.2311624,93.7464421
13.1329410,0.3715741,164.9828592,106.7886579,93.7741794
13.1656870,0.3861802,165.5916054,107.1049144,94.4132836
13.1996600,0.3822231,165.8544195,107.2017350,94.9867914
13.2318020,0.3651634,166.1532506,107.4122957,94.6052237
13.2615100,0.3338872,165.8971795,107.5432032,94.5497617
13.2958520,0.2770858,166.0357371,107.7406657,94.8244079
13.3327580,0.1805014,166.6913702,108.0704370,95.1746441
13.3636390,0.0472904,166.7790506,108.4331494,95.3625215
13.3977560,-0.1085172,166.5509039,108.2503013,95.2990783
13.4324460,-0.2680336,166.7245682,108.5573493,95.5680649
13.4632600,-0.4115182,166.9817101,108.7382759,95.7346739
13.4979740,-0.5189185,166.8644444,108.6445493,95.7154071
13.5385020,-0.5679319,167.0043114,108.4082058,95.8898823
13.5845120,-0.5516769,167.2311194,108.4020868,95.6547390
13.6008590,-0.4890125,166.9990555,108.2879530,95.6168322
13.6342210,-0.4140111,166.8901173,108.0085043,95.3556926
13.6647170,-0.3435055,167.0778196,108.3209620,95.5655129
13.6991540,-0.2689592,166.7362688,108.0497445,95.5823872
13.7452830,-0.1824226,166.9609451,108.3937713,95.6279578
13.7773960,-0.0790380,167.0638045,108.4233122,95.4458399
13.8134680,0.0418457,166.9708734,108.3579991,95.4864565
13.8447250,0.1610551,166.8140164,108.1018061,95.5420527
13.8811460,0.2590670,167.1094093,108.2104412,95.3926222
13.9138800,0.3382317,166.8687241,108.1390363,95.2546472
13.9552960,0.4034097,167.0640286,108.3849239,95.7122292
14.0044070,0.4554064,167.1596236,108.5038108,95.9833614
14.0220390,0.4974269,167.1363265,108.6411395,96.0976095
14.0540870,0.5278556,166.8471486,108.5244663,95.8552443
14.0907060,0.5448768,166.8993379,108.6967324,95.2790987
14.1265530,0.5498415,166.6306778,108.5615834,95.3329774
14.1614650,0.5374989,166.7364858,108.7712341,95.4593946
14.1955190,0.4969269,166.6411859,108.8203251,95.3105912
14.2287560,0.4198561,166.3899089,108.7118494,95.1973378
14.2614670,0.3047848,166.5937836,108.5718685,95.1958390
14.2941380,0.1618573,166.4233988,108.2659054,94.8554507
14.3268370,0.0029246,166.2778270,108.0669335,94.6718844
14.3638080,-0.1577870,166.2687507,107.9109233,95.3267796
14.4075240,-0.2957403,166.3993896,108.0260296,94.9643233
14.4457300,-0.3949393,166.5760359,107.9713244,94.4670476
14.4860400,-0.4541160,166.1168968,107.6037914,94.2586726
14.5209560,-0.4768999,165.9751263,107.4310178,94.4238220
14.5562170,-0.4681932,166.1847394,107.6554870,94.6382030
14.5904950,-0.4325263,165.8976277,107.2175022,94.4072133
14.6206080,-0.3679682,166.1693496,107.6316458,94.0687146
14.6524400,-0.2689748,165.5194183,107.6336194,93.7666701
14.6839370,-0.1472175,166.3443878,107.7535984,94.5389928
14.7141150,-0.0327983,166.3441980,107.7311604,94.7479522
14.7444090,0.0614244,166.9177425,108.1602906,95.2705306
14.7742770,0.1502743,167.2017248,108.3772437,95.5394257
14.8081570,0.2383564,167.2195648,108.5172494,95.4729981
14.8469430,0.3097981,167.5565569,108.9572231,95.9374347
14.8819310,0.3572698,168.0525838,109.5822777,95.9298882
14.9142140,0.3905423,168.1708897,109.3759061,96.2341715
14.9555380,0.4188138,168.2089713,109.3406245,96.0840704
14.9932590,0.4346943,167.6093750,108.6906250,95.6322385
15.0292890,0.4145163,167.2785601,108.3807905,95.4791039
15.0728510,0.3380773,167.2081217,108.2187995,95.3192687
15.1133930,0.2074812,167.4484746,108.2666623,95.6747846
15.1556400,0.0499950,167.4409996,108.1409119,95.6746287
15.2057790,-0.1029898,167.5849901,108.2819382,95.7090779
15.2269670,-0.2415901,167.4972941,108.6376084,96.1563213
15.2673750,-0.3633359,167.4639656,108.8927669,96.5969399
15.2861920,-0.4608159,167.7571457,109.3465648,96.8960273
15.3234980,-0.5263569,167.9502558,109.6410677,97.2261280
15.3406720,-0.5483393,167.8298860,109.6134693,97.3878705
15.3781460,-0.5182257,168.0756439,109.8535061,97.3862862
15.4154300,-0.4396852,167.9037110,109.7812151,97.2527750
15.4517360,-0.3277996,167.6748069,109.7714744,96.7774322
15.4905310,-0.1961121,168.4995911,110.4238281,97.3934051
15.5288670,-0.0631416,169.6766062,110.8571849,98.2514958
15.5699460,0.0494294,169.9931917,111.4565770,98.7741221
15.6043030,0.1478081,170.2755694,111.8507144,99.2224706
15.6565580,0.2523740,170.6056256,112.3559415,99.0644869
15.6784290,0.3639757,171.3718577,113.3380908,100.7697947
15.7192430,0.4713085,171.7278707,113.5326918,100.9652346
15.7575530,0.5720021,171.8530121,113.4904160,101.1347307
15.7970240,0.6618717,172.1406621,113.4674957,100.7663986
15.8342730,0.7268666,171.9386584,112.9471543,100.4491717
15.8766230,0.7493109,172.5830716,113.2889674,100.9958448
15.9261510,0.7094330,172.1812385,113.2657113,100.6805811
15.9649680,0.6014278,171.9361952,113.3219229,100.6510764
15.9799990,0.4321636,171.4814279,112.7622306,100.2344794
16.0095580,0.2197683,171.6472199,112.9340330,101.2038655
16.0306070,-0.0133007,172.4978923,113.8051936,102.4714741
16.0633120,-0.2490270,173.3421996,114.2942212,102.8181790
16.0996870,-0.4566282,174.3307442,115.3121085,103.5505199
16.1370190,-0.6137888,174.6103985,115.9285178,103.8195270
16.1712970,-0.7161066,175.4958272,116.5630141,104.0926155
16.2074560,-0.7538128,176.5166702,117.4417970,104.9387810
16.2439970,-0.7297892,177.0762955,117.9684242,105.8233570
16.2804810,-0.6694978,177.5922292,118.7863785,106.5541578
16.3117910,-0.5769641,178.3867288,119.5131995,107.0892313
16.3445460,-0.4334946,178.8969290,120.2028862,107.7892236
16.3758190,-0.2226909,179.4540892,120.3467966,108.3873339
16.4078330,0.0693718,180.1527243,121.2378952,109.6353109
16.4388820,0.2206113,181.2513884,121.6571140,109.5634188
16.4705740,-0.1273580,181.1236953,122.0005292,110.1924965
16.5023600,-0.9628526,181.2910840,121.8160412,110.4335010
16.5343600,-2.0331857,181.2942610,121.8992630,110.8825799
16.5741020,-3.1248838,181.6597208,121.4094342,110.4101690
16.6148900,-4.0317438,181.4843672,121.2234950,109.9878657
16.6522370,-4.5987101,181.6803283,120.8705013,110.1718860
16.6860290,-4.7715699,181.0334674,120.5475443,109.6336788
16.7170750,-4.5727399,180.7261371,120.4862907,109.4618926
16.7483190,-4.0979883,180.7463719,120.4210326,109.2777859
16.7825320,-3.4863669,180.5971384,120.3079232,109.3926625
16.8138090,-2.8523812,180.5645586,120.4010706,109.7530276
16.8427470,-2.0526352,180.5810897,120.2190317,109.1504218
16.8721520,-0.7735326,180.3387083,119.6523923,109.2186389
16.9118870,0.9283609,180.4138063,119.7738723,109.0155564
16.9525640,2.7263786,180.1114343,119.8576297,108.6564722
16.9871630,4.3631196,180.2979025,120.1299291,108.9127730
17.0263190,5.6472155,179.5592790,119.9009084,108.5085797
17.0612050,6.4611231,179.5416511,119.3784973,108.7420134
17.0979600,6.7962769,179.5818951,119.4066368,108.4452992
17.1335270,6.7245778,178.3424129,118.7245609,107.5660812
17.1666330,6.3271716,178.5312890,118.9935606,107.2974583
17.2027000,5.6958991,178.6456268,118.6959066,106.9948016
17.2388720,4.9423982,178.1037639,118.5057994,106.7309814
17.2704050,4.1505177,178.1726147,118.4279991,106.2625163
17.3023260,3.3514758,177.9768332,118.2914422,106.5289514
17.3378920,2.5629508,178.1021095,118.3386495,106.7703597
17.3712300,1.8040133,177.9232913,118.0060275,106.4772546
17.4147250,1.0759228,177.9605447,118.0105119,106.6152750
17.4472810,0.3922500,177.8617196,118.0090281,106.8388238
17.4632900,-0.1983044,177.8363782,117.9133364,106.6881137
17.4954380,-0.6623795,177.9187075,117.8976708,107.0895130
17.5287580,-1.0151261,177.9738898,117.8043890,106.8386281
17.5585870,-1.2759078,177.9509366,117.9794764,106.4179482
17.5977370,-1.4626937,178.5291899,118.3781508,106.4239417
17.6321260,-1.6212574,178.7266052,118.7195184,107.1086635
17.6658320,-1.7824547,179.0771244,118.8323169,107.3794949
17.6998360,-1.9253695,178.9330674,118.7563759,107.2893036
17.7350750,-2.0235073,179.1836384,119.2194057,107.3422776
17.7632550,-2.0771494,179.0012948,119.1328605,107.6865197
17.8004490,-2.0769598,178.8791788,118.8403287,107.6600395
17.8349120,-2.0115904,179.1817403,119.1997873,107.7907313
17.8677110,-1.8973236,179.2781420,119.2626002,108.2922203
17.9009490,-1.7557080,179.2152710,119.3421277,108.1407100
17.9353860,-1.6092339,179.4551621,119.6075581,108.3458715
17.9758130,-1.4736292,179.3634816,119.5985322,108.1796565
18.0222360,-1.3370078,179.3617735,119.5952013,108.3678449
18.0596450,-1.1668962,179.2131287,119.1945322,108.1700877
18.0987510,-0.9356057,178.6522742,118.6493630,107.6431371
18.1382330,-0.6472243,178.5702842,118.1406264,107.1887499
18.1573870,-0.3265682,177.8085842,117.2825004,106.1608527
18.1947280,-0.0052838,177.8192447,117.2034214,106.4099089
18.2304980,0.2875134,177.6868283,116.9715298,105.8073977
18.2618830,0.5311089,177.5331483,116.7345847,105.5278835
